fitness,lr0,lrf,momentum,weight_decay,warmup_epochs,warmup_momentum,box,cls,dfl,hsv_h,hsv_s,hsv_v,degrees,translate,scale,shear,perspective,flipud,fliplr,mosaic,mixup,copy_paste
0.92091,0.01,0.01,0.937,0.0005,3.0,0.8,7.5,0.5,1.5,0.015,0.7,0.4,0.0,0.1,0.5,0.0,0.0,0.0,0.5,1.0,0.0,0.0
0.92069,0.01,0.00884,0.93403,0.00057,2.86305,0.76313,7.65691,0.45431,1.39691,0.01253,0.73961,0.4,0.0,0.09812,0.53281,0.0,0.0,0.0,0.42675,0.9931,0.0,0.0
0.92046,0.0102,0.00994,0.95012,0.00055,3.71636,0.73146,7.33976,0.46489,1.36849,0.01558,0.6526,0.39417,0.0,0.11155,0.50757,0.0,0.0,0.0,0.58963,1.0,0.0,0.0
0.92321,0.01009,0.00994,0.937,0.00049,3.08917,0.81193,7.81281,0.49085,1.4712,0.01486,0.7,0.38381,0.0,0.10242,0.55176,0.0,0.0,0.0,0.5,1.0,0.0,0.0
0.92182,0.00943,0.0102,0.91904,0.00046,3.63917,0.59406,7.69692,0.48661,1.50059,0.01611,0.67986,0.36707,0.0,0.10954,0.50801,0.0,0.0,0.0,0.44584,0.90246,0.0,0.0
