                  epoch,         train/box_loss,         train/cls_loss,         train/dfl_loss,   metrics/precision(B),      metrics/recall(B),       metrics/mAP50(B),    metrics/mAP50-95(B),           val/box_loss,           val/cls_loss,           val/dfl_loss,                 lr/pg0,                 lr/pg1,                 lr/pg2
                      1,                0.24257,                0.15563,                0.90113,                0.92703,                0.92121,                0.95293,                0.91471,                0.27382,                0.27346,                0.84841,              0.0028938,              0.0028938,              0.0028938
                      2,                0.25559,                0.16775,                0.90482,                0.93389,                0.92208,                0.95477,                0.91272,                0.27746,                0.27739,                0.84791,              0.0052167,              0.0052167,              0.0052167
                      3,                0.27788,                0.19309,                0.91315,                 0.9203,                0.92399,                 0.9585,                 0.9129,                0.28788,                0.27206,                0.85672,              0.0069681,              0.0069681,              0.0069681
                      4,                0.33145,                0.25555,                 0.9449,                0.92277,                0.90614,                0.95081,                0.89587,                0.31562,                0.29476,                0.87621,              0.0070379,              0.0070379,              0.0070379
                      5,                0.35226,                 0.2759,                0.95487,                0.93074,                0.92877,                 0.9598,                0.90799,                0.30682,                0.26814,                  0.872,              0.0070379,              0.0070379,              0.0070379
