                  epoch,         train/box_loss,         train/cls_loss,         train/dfl_loss,   metrics/precision(B),      metrics/recall(B),       metrics/mAP50(B),    metrics/mAP50-95(B),           val/box_loss,           val/cls_loss,           val/dfl_loss,                 lr/pg0,                 lr/pg1,                 lr/pg2
                      1,                0.57669,                0.94515,                 1.0532,                0.83638,                0.83123,                0.90052,                0.81303,                0.45194,                0.69282,                0.92885,             0.00022224,             0.00022224,             0.00022224
                      2,                0.56501,                0.59208,                  1.037,                0.92761,                 0.9095,                0.95388,                0.87712,                0.40764,                0.44755,                0.89668,             0.00035655,             0.00035655,             0.00035655
                      3,                0.51705,                0.50402,                 1.0128,                0.95604,                0.92767,                0.96186,                0.89693,                0.37694,                0.39187,                0.88149,             0.00040281,             0.00040281,             0.00040281
                      4,                0.46266,                0.42684,                0.98679,                0.93709,                  0.914,                0.95467,                0.89781,                0.35157,                 0.3931,                0.86534,              0.0002708,              0.0002708,              0.0002708
                      5,                0.44601,                0.40157,                0.97931,                0.94873,                0.91297,                0.95532,                0.90411,                0.33612,                0.39077,                0.86022,              0.0002708,              0.0002708,              0.0002708
